Specimen_Number,Specimen_Letter,Measurement_Type,Measurement_(mm),Remeasurement1,Remeasurement2,Remeasurement3,Remeasurement4,Standard_Deviation,Catalogue_Num,Pit,Level_min,Level_max,Drawer,Higher_Classification,Family,Genus,Element,NISP,Details,Notes,Quadrant,GMM? Or measurement,TeethCorrosion
25056,NA,Fem_L,10.979,NA,NA,NA,NA,NA,41229,1A,130,135,2C6,salamander,Ambystomatidae,Ambystoma,femur,1,1L,NA,NA,NA,NA
25062,NA,Fem_L,12.863,NA,NA,NA,NA,NA,41229,1B,130,135,2C5,salamander,Ambystomatidae,Ambystoma,femur,1,1L,NA,NA,NA,NA
25064,NA,Hum_DW,3.96,NA,NA,NA,NA,NA,41229,1B,130,135,2C5,salamander,Ambystomatidae,Ambystoma,humerus,1,1R,distal frag,NA,NA,NA
25092,NA,Hum_L,14.482,NA,NA,NA,NA,NA,41229,1E,135,140,2C8,salamander,Ambystomatidae,Ambystoma,humerus,1,1R,NA,NA,NA,NA
25092,NA,Hum_DW,4.819,NA,NA,NA,NA,NA,41229,1E,135,140,2C8,salamander,Ambystomatidae,Ambystoma,humerus,1,1R,NA,NA,NA,NA
25102,NA,Hum_DW,4.589,NA,NA,NA,NA,NA,41229,1D,345,350,NA,salamander,Ambystomatidae,Ambystoma,humerus,1,NA,in 2 pieces,NA,NA,NA
25104,NA,Fem_L,13.7,NA,NA,NA,NA,NA,41229,1D,345,350,NA,salamander,Ambystomatidae,Ambystoma,femur,1,1L,NA,NA,NA,NA
25156,NA,Hum_DW,3.795,NA,NA,NA,NA,NA,41229,1D,315,320,NA,salamander,Ambystomatidae,Ambystoma,humerus,1,1R,distal frag,NA,NA,NA
25157,NA,Hum_DW,4.844,NA,NA,NA,NA,NA,41229,1D,315,320,NA,salamander,Ambystomatidae,Ambystoma,humerus,1,1L,distal frag,NA,NA,NA
25158,NA,Hum_DW,4.931,NA,NA,NA,NA,NA,41229,1D,315,320,NA,salamander,Ambystomatidae,Ambystoma,humerus,1,1L,distal frag,NA,NA,NA
25159,NA,Hum_L,11.589,NA,NA,NA,NA,NA,41229,1D,315,320,NA,salamander,Ambystomatidae,Ambystoma,humerus,1,1L,NA,NA,NA,NA
25159,NA,Hum_DW,3.994,NA,NA,NA,NA,NA,41229,1D,315,320,NA,salamander,Ambystomatidae,Ambystoma,humerus,1,1L,NA,NA,NA,NA
25175,NA,Hum_DW,3.511,NA,NA,NA,NA,NA,41229,1D,305,310,NA,salamander,Ambystomatidae,Ambystoma,humerus,1,1R,distal frag,NA,NA,NA
25189,NA,Hum_L,12.96,NA,NA,NA,NA,NA,41229,1E,295,300,NA,salamander,Ambystomatidae,Ambystoma,humerus,1,1R,NA,NA,NA,NA
25192,NA,Fem_L,12.474,11.944,12.018,11.926,11.99,0.228544963,41229,1D/E,290,295,NA,salamander,Ambystomatidae,Ambystoma,femur,1,1R,NA,NA,NA,NA
25203,NA,Hum_L,14.477,NA,NA,NA,NA,NA,41229,1D,295,300,NA,salamander,Ambystomatidae,Ambystoma,humerus,1,1R,NA,NA,NA,NA
25203,NA,Hum_DW,4.274,NA,NA,NA,NA,NA,41229,1D,295,300,NA,salamander,Ambystomatidae,Ambystoma,humerus,1,1R,NA,NA,NA,NA
25207,NA,Hum_L,14.325,NA,NA,NA,NA,NA,41229,1D,300,305,NA,salamander,Ambystomatidae,Ambystoma,humerus,1,1L,NA,NA,NA,NA
25207,NA,Hum_DW,4.77,NA,NA,NA,NA,NA,41229,1D,300,305,NA,salamander,Ambystomatidae,Ambystoma,humerus,1,1L,NA,NA,NA,NA
25228,NA,Hum_DW,4.575,NA,NA,NA,NA,NA,41229,1,140,145,2C9,salamander,Ambystomatidae,Ambystoma,humerus,1,1L,NA,NA,NA,NA
25228,NA,Hum_L,13.728,NA,NA,NA,NA,NA,41229,1,140,145,2C9,salamander,Ambystomatidae,Ambystoma,humerus,1,1L,NA,NA,NA,NA
25239,NA,Hum_DW,4.954,NA,NA,NA,NA,NA,41229,1B,140,145,2C9,salamander,Ambystomatidae,Ambystoma,humerus,1,1L,fragment,NA,NA,NA
25241,NA,Fem_L,14.501,NA,NA,NA,NA,NA,41229,1D,140,145,2C9,salamander,Ambystomatidae,Ambystoma,femur,1,1R,NA,NA,NA,NA
25286,NA,Fem_L,14.539,NA,NA,NA,NA,NA,41229,1E,150,155,2D2,salamander,Ambystomatidae,Ambystoma,femur,1,1R,NA,NA,NA,NA
25287,NA,Hum_DW,4.571,NA,NA,NA,NA,NA,41229,1E,150,155,2D2,salamander,Ambystomatidae,Ambystoma,humerus,1,1R,distal frag,NA,NA,NA
25306,NA,Fem_L,13.72,NA,NA,NA,NA,NA,41229,1D,155,160,2D3,salamander,Ambystomatidae,Ambystoma,femur,1,1R,NA,NA,NA,NA
25307,NA,Fem_L,10.7,NA,NA,NA,NA,NA,41229,1D,155,160,2D3,salamander,Ambystomatidae,Ambystoma,femur,1,1R,NA,NA,NA,NA
25309,NA,Hum_L,11.526,NA,NA,NA,NA,NA,41229,1D,155,160,2D3,salamander,Ambystomatidae,Ambystoma,humerus,1,1R,NA,NA,NA,NA
25309,NA,Hum_DW,3.593,NA,NA,NA,NA,NA,41229,1D,155,160,2D3,salamander,Ambystomatidae,Ambystoma,humerus,1,1R,NA,NA,NA,NA
25310,NA,Hum_L,10.93,NA,NA,NA,NA,NA,41229,1D,155,160,2D3,salamander,Ambystomatidae,Ambystoma,humerus,1,1R,NA,NA,NA,NA
25310,NA,Hum_DW,3.564,NA,NA,NA,NA,NA,41229,1D,155,160,2D3,salamander,Ambystomatidae,Ambystoma,humerus,1,1R,NA,NA,NA,NA
25351,NA,Hum_L,11.276,NA,NA,NA,NA,NA,41229,1E,155,160,2D4,salamander,Ambystomatidae,Ambystoma,humerus,1,1L,NA,NA,NA,NA
25351,NA,Hum_DW,4.593,NA,NA,NA,NA,NA,41229,1E,155,160,2D4,salamander,Ambystomatidae,Ambystoma,humerus,1,1L,NA,NA,NA,NA
25361,NA,Hum_L,11.007,NA,NA,NA,NA,NA,41229,1B,160,165,2D6,salamander,Ambystomatidae,Ambystoma,humerus,1,1L,NA,NA,NA,NA
25361,NA,Hum_DW,3.328,NA,NA,NA,NA,NA,41229,1B,160,165,2D6,salamander,Ambystomatidae,Ambystoma,humerus,1,1L,NA,NA,NA,NA
25370,NA,Hum_L,11.077,NA,NA,NA,NA,NA,41229,1D/E,160,165,2D5,salamander,Ambystomatidae,Ambystoma,humerus,1,1L,NA,NA,NA,NA
25370,NA,Hum_DW,3.516,NA,NA,NA,NA,NA,41229,1D/E,160,165,2D5,salamander,Ambystomatidae,Ambystoma,humerus,1,1L,NA,NA,NA,NA
25391,NA,Fem_L,13.573,NA,NA,NA,NA,NA,41229,1E,160,165,2D6,salamander,Ambystomatidae,Ambystoma,femur,1,1L,NA,NA,NA,NA
25392,NA,Fem_L,10.589,NA,NA,NA,NA,NA,41229,1E,160,165,2D6,salamander,Ambystomatidae,Ambystoma,femur,1,1L,NA,NA,NA,NA
25393,NA,Fem_L,13.929,NA,NA,NA,NA,NA,41229,1E,160,165,2D6,salamander,Ambystomatidae,Ambystoma,femur,1,1L,NA,NA,NA,NA
25394,NA,Fem_L,12.857,NA,NA,NA,NA,NA,41229,1E,160,165,2D6,salamander,Ambystomatidae,Ambystoma,femur,1,1L,NA,NA,NA,NA
25396,NA,Fem_L,12.526,NA,NA,NA,NA,NA,41229,1E,160,165,2D6,salamander,Ambystomatidae,Ambystoma,femur,1,1R,NA,NA,NA,NA
25397,NA,Hum_L,13.504,NA,NA,NA,NA,NA,41229,1E,160,165,2D6,salamander,Ambystomatidae,Ambystoma,humerus,1,1L,NA,NA,NA,NA
25397,NA,Hum_DW,4.15,NA,NA,NA,NA,NA,41229,1E,160,165,2D6,salamander,Ambystomatidae,Ambystoma,humerus,1,1L,NA,NA,NA,NA
25398,NA,Hum_L,12.386,NA,NA,NA,NA,NA,41229,1E,160,165,2D6,salamander,Ambystomatidae,Ambystoma,humerus,1,1L,NA,NA,NA,NA
25398,NA,Hum_DW,4.148,NA,NA,NA,NA,NA,41229,1E,160,165,2D6,salamander,Ambystomatidae,Ambystoma,humerus,1,1L,NA,NA,NA,NA
25400,NA,Hum_L,13.395,NA,NA,NA,NA,NA,41229,1E,160,165,2D6,salamander,Ambystomatidae,Ambystoma,humerus,1,1R,NA,NA,NA,NA
25400,NA,Hum_DW,4.622,NA,NA,NA,NA,NA,41229,1E,160,165,2D6,salamander,Ambystomatidae,Ambystoma,humerus,1,1R,NA,NA,NA,NA
25401,NA,Hum_L,12.099,NA,NA,NA,NA,NA,41229,1E,160,165,2D6,salamander,Ambystomatidae,Ambystoma,humerus,1,1R,NA,NA,NA,NA
25401,NA,Hum_DW,4.409,NA,NA,NA,NA,NA,41229,1E,160,165,2D6,salamander,Ambystomatidae,Ambystoma,humerus,1,1R,NA,NA,NA,NA
25402,NA,Hum_L,12.853,NA,NA,NA,NA,NA,41229,1E,160,165,2D6,salamander,Ambystomatidae,Ambystoma,humerus,1,1R,NA,NA,NA,NA
25402,NA,Hum_DW,4.479,NA,NA,NA,NA,NA,41229,1E,160,165,2D6,salamander,Ambystomatidae,Ambystoma,humerus,1,1R,NA,NA,NA,NA
25403,NA,Hum_L,11.74,11.783,11.74,11.828,11.828,0.044002273,41229,1E,160,165,2D6,salamander,Ambystomatidae,Ambystoma,humerus,1,1R,NA,NA,NA,NA
25403,NA,Hum_DW,4.691,4.717,4.685,4.712,4.722,0.016410363,41229,1E,160,165,2D6,salamander,Ambystomatidae,Ambystoma,humerus,1,1R,NA,NA,NA,NA
25404,NA,Hum_L,12.477,NA,NA,NA,NA,NA,41229,1E,160,165,2D6,salamander,Ambystomatidae,Ambystoma,humerus,1,1R,NA,NA,NA,NA
25404,NA,Hum_DW,4.515,NA,NA,NA,NA,NA,41229,1E,160,165,2D6,salamander,Ambystomatidae,Ambystoma,humerus,1,1R,NA,NA,NA,NA
25649,a,Fem_L,12.547,NA,NA,NA,NA,NA,41229,1D/E,210,215,2E5,salamander,NA,NA,femur,1,1L,NA,NA,NA,NA
25649,c,Fem_L,12.124,NA,NA,NA,NA,NA,41229,1D/E,210,215,2E5,salamander,NA,NA,femur,1,1R,NA,NA,NA,NA
25655,NA,Hum_DW,4.481,NA,NA,NA,NA,NA,41229,1D/E,210,215,2E5,salamander,NA,NA,humerus,1,1L,NA,NA,NA,NA
25656,NA,Hum_DW,4.296,NA,NA,NA,NA,NA,41229,1D/E,210,215,2E5,salamander,NA,NA,humerus,1,1R,NA,NA,NA,NA
25812,NA,Fem_L,12.357,NA,NA,NA,NA,NA,41229,1D/E,215,220,2E6,salamander,Ambystomatidae,Ambystoma,femur,1,1R,NA,NA,NA,NA
25856,NA,Hum_DW,4.936,NA,NA,NA,NA,NA,41229,1D/E,215,220,2E6,salamander,Ambystomatidae,Ambystoma,humerus,1,1L,NA,NA,NA,NA
25857,a,Hum_L,14.834,NA,NA,NA,NA,NA,41229,1D/E,215,220,2E6,salamander,Ambystomatidae,Ambystoma,humerus,1,1R,NA,NA,NA,NA
25857,a,Hum_DW,5.252,NA,NA,NA,NA,NA,41229,1D/E,215,220,2E6,salamander,Ambystomatidae,Ambystoma,humerus,1,1R,NA,NA,NA,NA
25857,b,Hum_L,13.891,NA,NA,NA,NA,NA,41229,1D/E,215,220,2E6,salamander,Ambystomatidae,Ambystoma,humerus,1,1R,NA,NA,NA,NA
25857,b,Hum_DW,4.905,NA,NA,NA,NA,NA,41229,1D/E,215,220,2E6,salamander,Ambystomatidae,Ambystoma,humerus,1,1R,NA,NA,NA,NA
25857,c,Hum_DW,4.499,NA,NA,NA,NA,NA,41229,1D/E,215,220,2E6,salamander,Ambystomatidae,Ambystoma,humerus,1,1R,NA,NA,NA,NA
25859,a,Fem_L,12.326,NA,NA,NA,NA,NA,41229,1D/E,215,220,2E6,salamander,Ambystomatidae,Ambystoma,femur,1,1R,NA,NA,NA,NA
25859,b,Fem_L,12.543,NA,NA,NA,NA,NA,41229,1D/E,215,220,2E6,salamander,Ambystomatidae,Ambystoma,femur,1,1R,NA,NA,NA,NA
25859,c,Fem_L,10.277,NA,NA,NA,NA,NA,41229,1D/E,215,220,2E6,salamander,Ambystomatidae,Ambystoma,femur,1,1R,NA,NA,NA,NA
25893,NA,Hum_L,13.082,NA,NA,NA,NA,NA,41229,1C,215,220,2E6,salamander,Ambystomatidae,NA,humerus,1,1L,NA,NA,NA,NA
25893,NA,Hum_DW,4.28,NA,NA,NA,NA,NA,41229,1C,215,220,2E6,salamander,Ambystomatidae,NA,humerus,1,1L,NA,NA,NA,NA
25966,NA,Fem_L,13.181,NA,NA,NA,NA,NA,41229,1D/E,220,225,2E7,salamander,Ambystomatidae,NA,femur,1,1L,NA,NA,NA,NA
25967,NA,Fem_L,12.448,12.76,12.699,12.704,12.704,0.122772147,41229,1D/E,220,225,2E7,salamander,Ambystomatidae,NA,femur,1,1R,NA,NA,NA,NA
25968,a,Hum_L,14.235,NA,NA,NA,NA,NA,41229,1D/E,220,225,2E7,salamander,Ambystomatidae,NA,humerus,1,1R,NA,NA,NA,NA
25968,a,Hum_DW,4.907,NA,NA,NA,NA,NA,41229,1D/E,220,225,2E7,salamander,Ambystomatidae,NA,humerus,1,1R,NA,NA,NA,NA
25968,b,Hum_L,13.504,NA,NA,NA,NA,NA,41229,1D/E,220,225,2E7,salamander,Ambystomatidae,NA,humerus,1,1R,NA,NA,NA,NA
25968,b,Hum_DW,4.702,NA,NA,NA,NA,NA,41229,1D/E,220,225,2E7,salamander,Ambystomatidae,NA,humerus,1,1R,NA,NA,NA,NA
26031,a,Fem_L,13.169,NA,NA,NA,NA,NA,41229,1C,220,225,2E7,salamander,Ambystomatidae,NA,femur,1,1L,NA,NA,NA,NA
26031,b,Fem_L,12.941,NA,NA,NA,NA,NA,41229,1C,220,225,2E7,salamander,Ambystomatidae,NA,femur,1,1L,NA,NA,NA,NA
26031,c,Fem_L,12.03,NA,NA,NA,NA,NA,41229,1C,220,225,2E7,salamander,Ambystomatidae,NA,femur,1,1L,NA,NA,NA,NA
26131,b,Fem_L,12.251,NA,NA,NA,NA,NA,41229,1D/E,225,230,2E8,salamander,Ambystomatidae,NA,femur,1,1L,NA,NA,NA,NA
26132,a,Fem_L,14.319,NA,NA,NA,NA,NA,41229,1D/E,225,230,2E8,salamander,Ambystomatidae,NA,femur,1,1R,NA,NA,NA,NA
26132,b,Fem_L,13.277,NA,NA,NA,NA,NA,41229,1D/E,225,230,2E8,salamander,Ambystomatidae,NA,femur,1,1R,NA,NA,NA,NA
26133,a,Hum_L,14.789,NA,NA,NA,NA,NA,41229,1D/E,225,230,2E8,salamander,Ambystomatidae,NA,humerus,1,1L,NA,NA,NA,NA
26133,a,Hum_DW,5.457,NA,NA,NA,NA,NA,41229,1D/E,225,230,2E8,salamander,Ambystomatidae,NA,humerus,1,1L,NA,NA,NA,NA
26133,b,Hum_L,14.698,NA,NA,NA,NA,NA,41229,1D/E,225,230,2E8,salamander,Ambystomatidae,NA,humerus,1,1L,NA,NA,NA,NA
26133,b,Hum_DW,5.035,NA,NA,NA,NA,NA,41229,1D/E,225,230,2E8,salamander,Ambystomatidae,NA,humerus,1,1L,NA,NA,NA,NA
26133,c,Hum_L,11.043,NA,NA,NA,NA,NA,41229,1D/E,225,230,2E8,salamander,Ambystomatidae,NA,humerus,1,1L,NA,NA,NA,NA
26133,c,Hum_DW,3.667,NA,NA,NA,NA,NA,41229,1D/E,225,230,2E8,salamander,Ambystomatidae,NA,humerus,1,1L,NA,NA,NA,NA
26134,a,Hum_L,14.383,NA,NA,NA,NA,NA,41229,1D/E,225,230,2E8,salamander,Ambystomatidae,NA,humerus,1,1R,NA,NA,NA,NA
26134,a,Hum_DW,4.61,NA,NA,NA,NA,NA,41229,1D/E,225,230,2E8,salamander,Ambystomatidae,NA,humerus,1,1R,NA,NA,NA,NA
26134,b,Hum_L,14.099,NA,NA,NA,NA,NA,41229,1D/E,225,230,2E8,salamander,Ambystomatidae,NA,humerus,1,1R,NA,NA,NA,NA
26134,b,Hum_DW,4.819,NA,NA,NA,NA,NA,41229,1D/E,225,230,2E8,salamander,Ambystomatidae,NA,humerus,1,1R,NA,NA,NA,NA
26134,c,Hum_L,11.402,NA,NA,NA,NA,NA,41229,1D/E,225,230,2E8,salamander,Ambystomatidae,NA,humerus,1,1R,NA,NA,NA,NA
26134,d,Hum_DW,5.246,NA,NA,NA,NA,NA,41229,1D/E,225,230,2E8,salamander,Ambystomatidae,NA,humerus,1,1R,NA,NA,NA,NA
26192,NA,Hum_DW,5.211,NA,NA,NA,NA,NA,41229,1C,225,230,2E8,salamander,Ambystomatidae,NA,humerus,1,1R,NA,NA,NA,NA
26229,a,Hum_L,12.65,NA,NA,NA,NA,NA,41229,1D/E,230,235,2E9,salamander,Ambystomatidae,NA,humerus,1,1L,NA,NA,NA,NA
26229,a,Hum_DW,4.245,NA,NA,NA,NA,NA,41229,1D/E,230,235,2E9,salamander,Ambystomatidae,NA,humerus,1,1L,NA,NA,NA,NA
26229,b,Hum_L,14.705,NA,NA,NA,NA,NA,41229,1D/E,230,235,2E9,salamander,Ambystomatidae,NA,humerus,1,1L,NA,NA,NA,NA
26229,b,Hum_DW,4.98,NA,NA,NA,NA,NA,41229,1D/E,230,235,2E9,salamander,Ambystomatidae,NA,humerus,1,1L,NA,NA,NA,NA
26229,c,Hum_L,13,NA,NA,NA,NA,NA,41229,1D/E,230,235,2E9,salamander,Ambystomatidae,NA,humerus,1,1L,NA,NA,NA,NA
26229,c,Hum_DW,4.668,NA,NA,NA,NA,NA,41229,1D/E,230,235,2E9,salamander,Ambystomatidae,NA,humerus,1,1L,NA,NA,NA,NA
26229,d,Hum_L,11.598,NA,NA,NA,NA,NA,41229,1D/E,230,235,2E9,salamander,Ambystomatidae,NA,humerus,1,1L,NA,NA,NA,NA
26229,d,Hum_DW,4.155,NA,NA,NA,NA,NA,41229,1D/E,230,235,2E9,salamander,Ambystomatidae,NA,humerus,1,1L,NA,NA,NA,NA
26229,e,Hum_DW,4.729,NA,NA,NA,NA,NA,41229,1D/E,230,235,2E9,salamander,Ambystomatidae,NA,humerus,1,1L,NA,NA,NA,NA
26229,f,Hum_DW,4.959,NA,NA,NA,NA,NA,41229,1D/E,230,235,2E9,salamander,Ambystomatidae,NA,humerus,1,1L,NA,NA,NA,NA
26229,g,Hum_L,13.219,NA,NA,NA,NA,NA,41229,1D/E,230,235,2E9,salamander,Ambystomatidae,NA,humerus,1,1L,NA,NA,NA,NA
26229,g,Hum_DW,4.52,NA,NA,NA,NA,NA,41229,1D/E,230,235,2E9,salamander,Ambystomatidae,NA,humerus,1,1L,NA,NA,NA,NA
26230,a,Hum_L,14.349,NA,NA,NA,NA,NA,41229,1D/E,230,235,2E9,salamander,Ambystomatidae,NA,humerus,1,1R,NA,NA,NA,NA
26230,a,Hum_DW,4.854,NA,NA,NA,NA,NA,41229,1D/E,230,235,2E9,salamander,Ambystomatidae,NA,humerus,1,1R,NA,NA,NA,NA
26230,b,Hum_L,11.603,NA,NA,NA,NA,NA,41229,1D/E,230,235,2E9,salamander,Ambystomatidae,NA,humerus,1,1R,NA,NA,NA,NA
26230,b,Hum_DW,5.135,NA,NA,NA,NA,NA,41229,1D/E,230,235,2E9,salamander,Ambystomatidae,NA,humerus,1,1R,NA,NA,NA,NA
26230,c,Hum_DW,5.118,NA,NA,NA,NA,NA,41229,1D/E,230,235,2E9,salamander,Ambystomatidae,NA,humerus,1,1R,NA,NA,NA,NA
26230,d,Hum_DW,4.602,NA,NA,NA,NA,NA,41229,1D/E,230,235,2E9,salamander,Ambystomatidae,NA,humerus,1,1R,NA,NA,NA,NA
26231,a,Fem_L,12.452,NA,NA,NA,NA,NA,41229,1D/E,230,235,2E9,salamander,Ambystomatidae,NA,femur,1,1L,NA,NA,NA,NA
26231,b,Fem_L,12.413,NA,NA,NA,NA,NA,41229,1D/E,230,235,2E9,salamander,Ambystomatidae,NA,femur,1,1L,NA,NA,NA,NA
26231,c,Fem_L,10.979,NA,NA,NA,NA,NA,41229,1D/E,230,235,2E9,salamander,Ambystomatidae,NA,femur,1,1L,NA,NA,NA,NA
26231,d,Fem_L,12.155,NA,NA,NA,NA,NA,41229,1D/E,230,235,2E9,salamander,Ambystomatidae,NA,femur,1,1L,NA,NA,NA,NA
26305,NA,Hum_L,11.009,11.529,11,11.058,10.97,0.234581969,41229,1C,230,235,2E10,salamander,Ambystomatidae,NA,humerus,1,1L,NA,NA,NA,NA
26305,NA,Hum_DW,4.148,4.185,3.987,4.009,3.977,0.097699539,41229,1C,230,235,2E10,salamander,Ambystomatidae,NA,humerus,1,1L,NA,NA,NA,NA
26306,NA,Hum_L,14.067,NA,NA,NA,NA,NA,41229,1C,230,235,2E10,salamander,Ambystomatidae,NA,humerus,1,1R,NA,NA,NA,NA
26306,NA,Hum_DW,4.972,NA,NA,NA,NA,NA,41229,1C,230,235,2E10,salamander,Ambystomatidae,NA,humerus,1,1R,NA,NA,NA,NA
26309,a,Hum_DW,5.197,NA,NA,NA,NA,NA,41229,1C,230,235,2E10,salamander,Ambystomatidae,NA,humerus,1,1L,NA,NA,NA,NA
26309,b,Hum_DW,4.005,NA,NA,NA,NA,NA,41229,1C,230,235,2E10,salamander,Ambystomatidae,NA,humerus,1,1L,NA,NA,NA,NA
26346,NA,Fem_L,13.789,NA,NA,NA,NA,NA,41229,1C,235,240,2E10,salamander,Ambystomatidae,NA,femur,1,1R,NA,NA,NA,NA
26347,NA,Hum_DW,5.101,NA,NA,NA,NA,NA,41229,1C,235,240,2E10,salamander,Ambystomatidae,NA,humerus,1,1R,NA,NA,NA,NA
26389,NA,Hum_L,15.265,NA,NA,NA,NA,NA,41229,1D,235,240,2E10,salamander,Ambystomatidae,NA,humerus,1,1R,NA,NA,NA,NA
26389,NA,Hum_DW,5.396,NA,NA,NA,NA,NA,41229,1D,235,240,2E10,salamander,Ambystomatidae,NA,humerus,1,1R,NA,NA,NA,NA
26423,a,Hum_L,14.021,NA,NA,NA,NA,NA,41229,1D,240,245,2E11,salamander,Ambystomatidae,NA,humerus,1,1L,NA,NA,NA,NA
26423,a,Hum_DW,4.369,NA,NA,NA,NA,NA,41229,1D,240,245,2E11,salamander,Ambystomatidae,NA,humerus,1,1L,NA,NA,NA,NA
26423,b,Hum_L,15.03,NA,NA,NA,NA,NA,41229,1D,240,245,2E11,salamander,Ambystomatidae,NA,humerus,1,1L,NA,NA,NA,NA
26423,b,Hum_DW,5.049,NA,NA,NA,NA,NA,41229,1D,240,245,2E11,salamander,Ambystomatidae,NA,humerus,1,1L,NA,NA,NA,NA
26423,c,Hum_DW,4.616,NA,NA,NA,NA,NA,41229,1D,240,245,2E11,salamander,Ambystomatidae,NA,humerus,1,1R,NA,NA,NA,NA
26483,NA,Hum_DW,4.74,NA,NA,NA,NA,NA,41229,1D,240,260,2E11,salamander,Ambystomatidae,NA,humerus,1,1L,NA,NA,NA,NA
26543,a,Fem_L,11.492,NA,NA,NA,NA,NA,41229,1C,250,255,2E12,salamander,Ambystomatidae,NA,femur,1,1L,NA,NA,NA,NA
26543,b,Fem_L,12.381,NA,NA,NA,NA,NA,41229,1C,250,255,2E12,salamander,Ambystomatidae,NA,femur,1,1R,NA,NA,NA,NA
26547,NA,Hum_L,12.553,NA,NA,NA,NA,NA,41229,1C,250,255,2E12,salamander,Ambystomatidae,NA,humerus,1,1L,NA,NA,NA,NA
26547,NA,Hum_DW,4.508,NA,NA,NA,NA,NA,41229,1C,250,255,2E12,salamander,Ambystomatidae,NA,humerus,1,1L,NA,NA,NA,NA
26548,NA,Hum_L,15.364,NA,NA,NA,NA,NA,41229,1C,250,255,2E12,salamander,Ambystomatidae,NA,scapula,1,1L,NA,NA,NA,NA
26548,NA,Hum_DW,5.213,NA,NA,NA,NA,NA,41229,1C,250,255,2E12,salamander,Ambystomatidae,NA,scapula,1,1L,NA,NA,NA,NA
26581,NA,Fem_L,12.301,NA,NA,NA,NA,NA,41229,1D,255,260,2E13,salamander,Ambystomatidae,NA,femur,1,1R,NA,NA,NA,NA
26602,NA,Hum_L,14.275,NA,NA,NA,NA,NA,41229,1D,260,265,2E13,salamander,Ambystomatidae,NA,humerus,1,1L,NA,NA,NA,NA
26602,NA,Hum_DW,5.269,NA,NA,NA,NA,NA,41229,1D,260,265,2E13,salamander,Ambystomatidae,NA,humerus,1,1L,NA,NA,NA,NA
26603,NA,Hum_DW,5.279,NA,NA,NA,NA,NA,41229,1D,260,265,2E13,salamander,Ambystomatidae,NA,humerus,1,1R,NA,NA,NA,NA
26604,NA,Fem_L,10.931,NA,NA,NA,NA,NA,41229,1D,260,265,2E13,salamander,Ambystomatidae,NA,femur,1,1L,NA,NA,NA,NA
26605,NA,Fem_L,10.076,NA,NA,NA,NA,NA,41229,1D,260,265,2E13,salamander,Ambystomatidae,NA,femur,1,1R,NA,NA,NA,NA
26642,a,Hum_L,13.258,NA,NA,NA,NA,NA,41229,1D,265,270,2E14,salamander,Ambystomatidae,NA,humerus,1,1L,NA,NA,NA,NA
26642,a,Hum_DW,3.896,NA,NA,NA,NA,NA,41229,1D,265,270,2E14,salamander,Ambystomatidae,NA,humerus,1,1L,NA,NA,NA,NA
26642,b,Hum_DW,5.151,NA,NA,NA,NA,NA,41229,1D,265,270,2E14,salamander,Ambystomatidae,NA,humerus,1,1L,NA,NA,NA,NA
26643,NA,Hum_DW,4.248,NA,NA,NA,NA,NA,41229,1D,265,270,2E14,salamander,Ambystomatidae,NA,humerus,1,1R,NA,NA,NA,NA
26643,NA,Hum_L,12.587,NA,NA,NA,NA,NA,41229,1D,265,270,2E14,salamander,Ambystomatidae,NA,humerus,1,1R,NA,NA,NA,NA
26644,NA,Fem_L,11.217,NA,NA,NA,NA,NA,41229,1D,265,270,2E14,salamander,Ambystomatidae,NA,femur,1,1R,NA,NA,NA,NA
26671,a,Hum_DW,4.678,NA,NA,NA,NA,NA,41229,1D,270,275,2E14,salamander,Ambystomatidae,NA,humerus,1,1L,NA,NA,NA,NA
26671,b,Hum_DW,4.705,NA,NA,NA,NA,NA,41229,1D,270,275,2E14,salamander,Ambystomatidae,NA,humerus,1,1L,NA,NA,NA,NA
26693,a,Fem_L,12.793,NA,NA,NA,NA,NA,41229,1D,275,280,2E14,salamander,Ambystomatidae,NA,femur,1,1R,NA,NA,NA,NA
26693,b,Fem_L,11.878,NA,NA,NA,NA,NA,41229,1D,275,280,2E14,salamander,Ambystomatidae,NA,femur,1,1R,NA,NA,NA,NA
26698,NA,Hum_DW,5.065,NA,NA,NA,NA,NA,41229,1D,275,280,2E14,salamander,Ambystomatidae,NA,humerus,1,1L,NA,NA,NA,NA
26699,NA,Hum_DW,4.159,NA,NA,NA,NA,NA,41229,1D,275,280,2E14,salamander,Ambystomatidae,NA,humerus,1,1R,NA,NA,NA,NA
29129,NA,Hum_DW,4.167,NA,NA,NA,NA,NA,41229,1A,100,105,2B12,salamander,Ambystomatidae,Ambystoma,humerus,1,1R,NA,NA,NA,NA
29129,NA,Hum_L,13.129,NA,NA,NA,NA,NA,41229,1A,100,105,2B12,salamander,Ambystomatidae,Ambystoma,humerus,1,1R,NA,NA,NA,NA
29133,NA,Hum_DW,5.137,NA,NA,NA,NA,NA,41229,1,105,110,2B15,salamander,Ambystomatidae,Ambystoma,humerus,1,1R,NA,NA,NA,NA
29139,NA,Hum_L,14.185,NA,NA,NA,NA,NA,41229,1E,115,120,2B17,salamander,Ambystomatidae,Ambystoma,humerus,1,1L,NA,NA,NA,NA
29139,NA,Hum_DW,4.421,NA,NA,NA,NA,NA,41229,1E,115,120,2B17,salamander,Ambystomatidae,Ambystoma,humerus,1,1L,NA,NA,NA,NA
29463,NA,Fem_L,9.383,NA,NA,NA,NA,NA,41229,1,145,150,2C13,salamander,NA,Ambystoma,femur,1,1R,NA,NA,NA,NA
29481,NA,Hum_DW,4.373,NA,NA,NA,NA,NA,41229,1D,265,270,2E14,salamander,Ambystomatidae,Ambystoma,humerus,1,1R,NA,NA,NA,NA
29481,NA,Hum_L,12.985,NA,NA,NA,NA,NA,41229,1D,265,270,2E14,salamander,Ambystomatidae,Ambystoma,humerus,1,1R,NA,NA,NA,NA
29482,NA,Hum_DW,4.259,NA,NA,NA,NA,NA,41229,1D,265,270,2E14,salamander,Ambystomatidae,Ambystoma,humerus,1,1R,NA,NA,NA,NA
29482,NA,Hum_L,11.94,NA,NA,NA,NA,NA,41229,1D,265,270,2E14,salamander,Ambystomatidae,Ambystoma,humerus,1,1R,NA,NA,NA,NA
29483,NA,Hum_DW,4.162,NA,NA,NA,NA,NA,41229,1D,265,270,2E14,salamander,Ambystomatidae,Ambystoma,humerus,1,1R,NA,NA,NA,NA
29483,NA,Hum_L,12.294,NA,NA,NA,NA,NA,41229,1D,265,270,2E14,salamander,Ambystomatidae,Ambystoma,humerus,1,1R,NA,NA,NA,NA
29486,NA,Hum_DW,3.769,NA,NA,NA,NA,NA,41229,1D/E,190,195,2D13,salamander,Ambystomatidae,Ambystoma,humerus,1,1R,NA,NA,NA,NA
29487,NA,Hum_DW,4.803,NA,NA,NA,NA,NA,41229,1D/E,195,200,2D15,salamander,Ambystomatidae,Ambystoma,humerus,1,1R,NA,NA,NA,NA
29488,NA,Hum_DW,5.587,NA,NA,NA,NA,NA,41229,1D/E,195,200,2D15,salamander,Ambystomatidae,Ambystoma,humerus,1,1R,NA,NA,NA,NA
29492,NA,Fem_L,11.252,NA,NA,NA,NA,NA,41229,1A,165,170,2D7,salamander,Ambystomatidae,Ambystoma,femur,1,1L,complete,NA,NA,NA
29496,NA,Hum_L,13.574,NA,NA,NA,NA,NA,41229,1B,165,170,2D7,salamander,Ambystomatidae,Ambystoma,humerus,1,1L,NA,NA,NA,NA
29496,NA,Hum_DW,4.281,NA,NA,NA,NA,NA,41229,1B,165,170,2D7,salamander,Ambystomatidae,Ambystoma,humerus,1,1L,NA,NA,NA,NA
29503,NA,Fem_L,11.978,NA,NA,NA,NA,NA,41229,1E,165,170,2D7,salamander,Ambystomatidae,Ambystoma,femur,1,1L,complete,NA,NA,NA
29505,NA,Fem_L,11.648,11.75,11.842,11.687,11.647,0.082539082,41229,1E,165,170,2D7,salamander,Ambystomatidae,Ambystoma,femur,1,1R,complete,NA,NA,NA
29507,NA,Hum_L,12.562,NA,NA,NA,NA,NA,41229,1E,165,170,2D7,salamander,Ambystomatidae,Ambystoma,humerus,1,1L,complete,NA,NA,NA
29507,NA,Hum_DW,4.108,NA,NA,NA,NA,NA,41229,1E,165,170,2D7,salamander,Ambystomatidae,Ambystoma,humerus,1,1L,complete,NA,NA,NA
29508,NA,Hum_L,12.277,NA,NA,NA,NA,NA,41229,1E,165,170,2D7,salamander,Ambystomatidae,Ambystoma,humerus,1,1L,complete,NA,NA,NA
29508,NA,Hum_DW,4.042,NA,NA,NA,NA,NA,41229,1E,165,170,2D7,salamander,Ambystomatidae,Ambystoma,humerus,1,1L,complete,NA,NA,NA
29509,NA,Hum_L,11.032,NA,NA,NA,NA,NA,41229,1E,165,170,2D7,salamander,Ambystomatidae,Ambystoma,humerus,1,1L,complete,NA,NA,NA
29509,NA,Hum_DW,4.17,NA,NA,NA,NA,NA,41229,1E,165,170,2D7,salamander,Ambystomatidae,Ambystoma,humerus,1,1L,complete,NA,NA,NA
29510,NA,Hum_DW,4.705,NA,NA,NA,NA,NA,41229,1E,165,170,2D7,salamander,Ambystomatidae,Ambystoma,humerus,1,1L,distal frag,NA,NA,NA
29511,NA,Hum_DW,4.149,NA,NA,NA,NA,NA,41229,1E,165,170,2D7,salamander,Ambystomatidae,Ambystoma,humerus,1,1L,distal frag,NA,NA,NA
29516,NA,Hum_L,11.062,NA,NA,NA,NA,NA,41229,1E,165,170,2D7,salamander,Ambystomatidae,Ambystoma,humerus,1,1R,complete,NA,NA,NA
29516,NA,Hum_DW,3.475,NA,NA,NA,NA,NA,41229,1E,165,170,2D7,salamander,Ambystomatidae,Ambystoma,humerus,1,1R,complete,NA,NA,NA
29517,NA,Hum_L,11.868,NA,NA,NA,NA,NA,41229,1E,165,170,2D7,salamander,Ambystomatidae,Ambystoma,humerus,1,1R,complete,NA,NA,NA
29517,NA,Hum_DW,3.579,NA,NA,NA,NA,NA,41229,1E,165,170,2D7,salamander,Ambystomatidae,Ambystoma,humerus,1,1R,complete,NA,NA,NA
29544,NA,Fem_L,11.644,NA,NA,NA,NA,NA,41229,1E,170,175,2D8,salamander,Ambystomatidae,Ambystoma,femur,1,1R,NA,NA,NA,NA
29546,NA,Hum_DW,4.644,NA,NA,NA,NA,NA,41229,1E,170,175,2D8,salamander,Ambystomatidae,Ambystoma,humerus,1,1L,distal frag,NA,NA,NA
29547,NA,Hum_L,12.695,NA,NA,NA,NA,NA,41229,1E,170,175,2D8,salamander,Ambystomatidae,Ambystoma,humerus,1,1L,complete,NA,NA,NA
29547,NA,Hum_DW,4.344,NA,NA,NA,NA,NA,41229,1E,170,175,2D8,salamander,Ambystomatidae,Ambystoma,humerus,1,1L,complete,NA,NA,NA
29565,NA,Hum_L,13.678,NA,NA,NA,NA,NA,41229,1A,175,180,2D9,salamander,Ambystomatidae,Ambystoma,humerus,1,1L,complete,NA,NA,NA
29565,NA,Hum_DW,5.232,NA,NA,NA,NA,NA,41229,1A,175,180,2D9,salamander,Ambystomatidae,Ambystoma,humerus,1,1L,complete,NA,NA,NA
29566,NA,Hum_L,12.358,NA,NA,NA,NA,NA,41229,1A,175,180,2D9,salamander,Ambystomatidae,Ambystoma,humerus,1,1L,complete,NA,NA,NA
29567,NA,Hum_L,13.136,NA,NA,NA,NA,NA,41229,1A,175,180,2D9,salamander,Ambystomatidae,Ambystoma,humerus,1,1R,complete,NA,NA,NA
29567,NA,Hum_DW,3.976,NA,NA,NA,NA,NA,41229,1A,175,180,2D9,salamander,Ambystomatidae,Ambystoma,humerus,1,1R,complete,NA,NA,NA
29568,NA,Hum_L,12.324,NA,NA,NA,NA,NA,41229,1A,175,180,2D9,salamander,Ambystomatidae,Ambystoma,humerus,1,1R,complete,NA,NA,NA
29568,NA,Hum_DW,3.715,NA,NA,NA,NA,NA,41229,1A,175,180,2D9,salamander,Ambystomatidae,Ambystoma,humerus,1,1R,complete,NA,NA,NA
29569,NA,Hum_DW,4.291,NA,NA,NA,NA,NA,41229,1A,175,180,2D9,salamander,Ambystomatidae,Ambystoma,humerus,1,1R,in 2 pieces,NA,NA,NA
29583,NA,Fem_L,9.646,NA,NA,NA,NA,NA,41229,1D/E,175,180,2D9,salamander,Ambystomatidae,Ambystoma,femur,1,1R,NA,NA,NA,NA
29608,NA,Fem_L,13.175,NA,NA,NA,NA,NA,41229,1C,180,185,2D10,salamander,Ambystomatidae,Ambystoma,femur,1,1L,NA,NA,NA,NA
29623,NA,Hum_L,15.17,NA,NA,NA,NA,NA,41229,1E,180,185,2D10,salamander,Ambystomatidae,Ambystoma,humerus,1,1L,complete,NA,NA,NA
29623,NA,Hum_DW,4.943,NA,NA,NA,NA,NA,41229,1E,180,185,2D10,salamander,Ambystomatidae,Ambystoma,humerus,1,1L,complete,NA,NA,NA
29624,NA,Hum_L,13.719,NA,NA,NA,NA,NA,41229,1E,180,185,2D10,salamander,Ambystomatidae,Ambystoma,humerus,1,1R,complete,NA,NA,NA
29624,NA,Hum_DW,4.431,NA,NA,NA,NA,NA,41229,1E,180,185,2D10,salamander,Ambystomatidae,Ambystoma,humerus,1,1R,complete,NA,NA,NA
29626,NA,Hum_DW,4.814,NA,NA,NA,NA,NA,41229,1E,180,185,2D11,salamander,Ambystomatidae,Ambystoma,humerus,1,1L,distal frag,NA,NA,NA
29640,NA,Hum_L,12.731,NA,NA,NA,NA,NA,41229,1C,185,190,2D12,salamander,Ambystomatidae,Ambystoma,humerus,1,1L,complete,NA,NA,NA
29640,NA,Hum_DW,4.25,NA,NA,NA,NA,NA,41229,1C,185,190,2D12,salamander,Ambystomatidae,Ambystoma,humerus,1,1L,complete,NA,NA,NA
29652,NA,Fem_L,10.902,NA,NA,NA,NA,NA,41229,1D/E,185,190,2D12,salamander,Ambystomatidae,Ambystoma,femur,1,1L,NA,NA,NA,NA
29653,NA,Fem_L,12.617,NA,NA,NA,NA,NA,41229,1D/E,185,190,2D12,salamander,Ambystomatidae,Ambystoma,femur,1,1R,NA,NA,NA,NA
29662,NA,Fem_L,11.181,NA,NA,NA,NA,NA,41229,1C,190,195,2D13,salamander,Ambystomatidae,Ambystoma,femur,1,1L,NA,NA,NA,NA
29663,NA,Fem_L,13.28,NA,NA,NA,NA,NA,41229,1C,190,195,2D13,salamander,Ambystomatidae,Ambystoma,femur,1,1L,NA,NA,NA,NA
29664,NA,Hum_DW,4.389,NA,NA,NA,NA,NA,41229,1C,190,195,2D13,salamander,Ambystomatidae,Ambystoma,humerus,1,1L,distal frag,NA,NA,NA
29686,NA,Hum_L,13.311,12.946,13.471,12.87,12.816,0.2906694,41229,1C,195,200,2D15,salamander,Ambystomatidae,Ambystoma,humerus,1,1R,NA,NA,NA,NA
29686,NA,Hum_DW,4.188,4.107,4.247,4.082,4.045,0.082217395,41229,1C,195,200,2D15,salamander,Ambystomatidae,Ambystoma,humerus,1,1R,NA,NA,NA,NA
29697,NA,Hum_L,11.201,NA,NA,NA,NA,NA,41229,1C,200,205,2E1,salamander,Ambystomatidae,Ambystoma,humerus,1,1R,NA,NA,NA,NA
29697,NA,Hum_DW,4.265,NA,NA,NA,NA,NA,41229,1C,200,205,2E1,salamander,Ambystomatidae,Ambystoma,humerus,1,1R,NA,NA,NA,NA
29706,NA,Fem_L,12.06,NA,NA,NA,NA,NA,41229,1D/E,200,205,2E1,salamander,Ambystomatidae,Ambystoma,femur,1,1L,complete,NA,NA,NA
29729,NA,Hum_L,11.608,NA,NA,NA,NA,NA,41229,1C,200,205,2E1,salamander,Ambystomatidae,Ambystoma,humerus,1,1R,NA,NA,NA,NA
29729,NA,Hum_DW,4.365,NA,NA,NA,NA,NA,41229,1C,200,205,2E1,salamander,Ambystomatidae,Ambystoma,humerus,1,1R,NA,NA,NA,NA
29732,NA,Hum_L,11.596,NA,NA,NA,NA,NA,41229,1C,205,210,2E3,salamander,Ambystomatidae,Ambystoma,humerus,1,1R,NA,NA,NA,NA
29732,NA,Hum_DW,4.095,NA,NA,NA,NA,NA,41229,1C,205,210,2E3,salamander,Ambystomatidae,Ambystoma,humerus,1,1R,NA,NA,NA,NA
29744,NA,Hum_L,13.756,NA,NA,NA,NA,NA,41229,1D/E,205,210,2E3,salamander,Ambystomatidae,Ambystoma,humerus,1,1R,complete,NA,NA,NA
29744,NA,Hum_DW,4.778,NA,NA,NA,NA,NA,41229,1D/E,205,210,2E3,salamander,Ambystomatidae,Ambystoma,humerus,1,1R,complete,NA,NA,NA
29745,NA,Hum_DW,4.192,NA,NA,NA,NA,NA,41229,1D/E,205,210,2E3,salamander,Ambystomatidae,Ambystoma,humerus,1,1R,in 2 pieces,NA,NA,NA
29775,NA,Fem_L,10.514,NA,NA,NA,NA,NA,41229,1D/E,210,215,2E4,salamander,Ambystomatidae,Ambystoma,femur,1,1R,NA,NA,NA,NA
29777,NA,Hum_L,10.59,NA,NA,NA,NA,NA,41229,1D/E,210,215,2E4,salamander,Ambystomatidae,Ambystoma,humerus,1,1L,NA,NA,NA,NA
30000,NA,Hum_DW,4.231,NA,NA,NA,NA,NA,41229,1D,335,340,NA,salamander,Ambystomatidae,NA,humerus,1,1L,NA,NA,NA,NA
30006,NA,Hum_DW,4.059,NA,NA,NA,NA,NA,41229,1D,335,340,NA,salamander,Ambystomatidae,NA,humerus,1,1L,NA,NA,NA,NA
30006,NA,Hum_L,12.895,NA,NA,NA,NA,NA,41229,1D,335,340,NA,salamander,Ambystomatidae,NA,humerus,1,1L,NA,NA,NA,NA
30682,NA,Fem_L,10.579,NA,NA,NA,NA,NA,41229,1B,165,170,NA,salamander,Ambystomatidae,NA,femur,1,1R,NA,100,NA,NA
30797,NA,Fem_L,11.512,NA,NA,NA,NA,NA,41229,1B,180,185,NA,salamander,Ambystomatidae,NA,femur,1,1L,NA,100,NA,NA
31214,NA,Hum_DW,3.28,NA,NA,NA,NA,NA,41229,1A,180,185,NA,salamander,Ambystomatidae,NA,humerus,1,1L,NA,75,NA,NA
31214,NA,Hum_L,10.835,NA,NA,NA,NA,NA,41229,1A,180,185,NA,salamander,Ambystomatidae,NA,humerus,1,1L,NA,75,NA,NA
31215,NA,Fem_L,11.209,NA,NA,NA,NA,NA,41229,1A,180,185,NA,salamander,Ambystomatidae,NA,femur,1,1L,NA,100,NA,NA
31249,NA,Hum_DW,2.482,NA,NA,NA,NA,NA,41229,1A,170,175,NA,salamander,Ambystomatidae,NA,humerus,1,1R,NA,75,NA,NA
31249,NA,Hum_L,10.11,NA,NA,NA,NA,NA,41229,1A,170,175,NA,salamander,Ambystomatidae,NA,humerus,1,1R,NA,75,NA,NA
31850,NA,Fem_L,12.013,NA,NA,NA,NA,NA,41229,1B,165,170,NA,salamander,Ambystomatidae,NA,femur,1,1L,NA,100,NA,NA
31851,NA,Hum_DW,3.051,NA,NA,NA,NA,NA,41229,1B,165,170,NA,salamander,Ambystomatidae,NA,humerus,1,1L,NA,100,NA,NA
31851,NA,Hum_L,10.785,NA,NA,NA,NA,NA,41229,1B,165,170,NA,salamander,Ambystomatidae,NA,humerus,1,1L,NA,100,NA,NA